,GEOID,county,hhincome,pct_pov,review_count,avg_rating,pop,avg_price,pct_white,hhincome_log,review_count_log,pct_pov_log,yelp_n
1,13063040202,Clayton County,33276,0.201342282,57,2,2850,1,0.075087719,10.41289217,4.060443011,-1.554276271,1
2,13063040308,Clayton County,28422,0.210718002,13,3,4262,1,0.260675739,10.25527055,1.975621859,-1.510869401,2
3,13063040407,Clayton County,49271,0.108255067,29.33333333,2,4046,1,0.20514088,10.80529389,3.320836964,-2.134911405,3
4,13063040408,Clayton County,44551,0.180956612,20,4,8489,1,0.168688892,10.70461432,3.044522438,-1.65570904,1
5,13063040410,Clayton County,49719,0.114680192,41,1,7166,1,0.193692437,10.81434354,3.737669618,-2.082003287,1
6,13063040411,Clayton County,57924,0.090689421,18,2,13311,1,0.165126587,10.96705971,2.944438979,-2.295714541,1
7,13063040412,Clayton County,46530,0.176958408,72,3,7920,1,0.143813131,10.74806744,3.961783573,-1.676869105,3
8,13063040414,Clayton County,40313,0.263539652,31,2,2068,1,0.300290135,10.6046773,3.465247383,-1.296308688,2
9,13063040417,Clayton County,40231,0.26349481,17,2,5850,1,0.107008547,10.60264166,2.890371758,-1.296472635,1
10,13063040510,Clayton County,49265,0.297548387,5,4,3892,1,0.030061665,10.80517213,1.791759469,-1.179122848,1
11,13063040512,Clayton County,41016,0.158646889,36,2,5552,1,0.066282421,10.62196129,3.306020517,-1.779948167,2
12,13063040513,Clayton County,63980,0.141615986,14,2,4604,1,0.119026933,11.0664821,2.708050201,-1.886404362,1
13,13063040523,Clayton County,41688,0.163203753,4,2,2984,1,0.110924933,10.63820845,1.609437912,-1.753286612,1
14,13063040526,Clayton County,54334,0.216541566,19,2,7061,1,0.10055233,10.90308949,2.995732274,-1.484826835,1
15,13063040606,Clayton County,45800,0.097895089,18,1,3894,1,0.453775039,10.73225769,2.944438979,-2.226595926,1
16,13063040608,Clayton County,68047,0.112143928,55,1,13393,1,0.121929366,11.12810087,4.025351691,-2.102555192,1
17,13063040609,Clayton County,58750,0.063359235,34,2,6698,1,0.178262168,10.98121663,3.555348061,-2.61238688,1
18,13063040611,Clayton County,40995,0.261313869,26,2,6850,1,0.214306569,10.62144929,3.295836866,-1.304478942,1
19,13063040612,Clayton County,34517,0.300434713,50,4,7938,1,0.209120685,10.44949691,3.931825633,-1.169781665,1
20,13063040617,Clayton County,33359,0.273890143,43,2,1329,1,0.679458239,10.4153826,3.784189634,-1.259167936,1
21,13063040622,Clayton County,51672,0.267144942,1,4,8224,1,0.199659533,10.85286484,0.693147181,-1.283214655,1
22,13067030101,Cobb County,89819,0.119295132,21.5,2,7908,1,0.877718766,11.40566314,3.069942276,-2.045657644,2
23,13067030103,Cobb County,89863,0.021771772,30.8,3,9369,2,0.597609137,11.40615284,3.060098967,-3.449177064,5
24,13067030104,Cobb County,52119,0.202420809,58,2,3883,1,0.783929951,10.86147669,4.077537444,-1.549186025,1
25,13067030106,Cobb County,64326,0.074100312,48,4,7059,NaN,0.53945318,11.07187463,3.891820298,-2.475745006,1
26,13067030209,Cobb County,110000,0.067867398,21,4,7662,2,0.685069173,11.60832655,2.387416419,-2.55274793,4
27,13067030214,Cobb County,90469,0.041938856,15.5,3,7654,2,0.836948001,11.41287306,2.791748154,-2.957688108,2
28,13067030215,Cobb County,75463,0.059522579,22,5,9696,NaN,0.714005776,11.23153026,3.135494216,-2.666103697,1
29,13067030219,Cobb County,121469,0.044018059,20.5,3,10652,1,0.797408937,11.70749669,2.203359624,-2.918436868,2
30,13067030220,Cobb County,91838,0.077757685,16,3,1663,1,0.690318701,11.42789032,2.817394802,-2.433175838,2
31,13067030223,Cobb County,76559,0.130149062,41.66666667,3,6239,1,0.589677833,11.24594757,3.414175972,-1.965048692,3
32,13067030226,Cobb County,85264,0.092071843,36.5,4,11024,1,0.510976052,11.35362488,2.824487119,-2.282078368,2
33,13067030227,Cobb County,65673,0.15181963,43,4,8236,2,0.686862555,11.09259542,3.238173895,-1.821272959,6
34,13067030228,Cobb County,50172,0.209018063,37.83333333,3,7363,2,0.602607633,10.82341168,3.255688106,-1.518601072,6
35,13067030229,Cobb County,67768,0.1254832,33.8,4,6819,2,0.707288459,11.12399294,2.367488157,-1.998907635,5
36,13067030230,Cobb County,79243,0.047500939,29.75,3,13473,1,0.609589549,11.28040055,3.401951798,-2.855953992,4
37,13067030231,Cobb County,109602,0.030015608,90,4,8329,2,0.812702605,11.60470214,4.510859507,-3.218485698,1
38,13067030234,Cobb County,118810,0.035292336,74,2,6630,1,0.72760181,11.68536502,4.317488114,-3.094617452,1
39,13067030235,Cobb County,105819,0.052748585,38,2,4948,1,0.755052546,11.56957986,3.663561646,-2.768619246,1
40,13067030239,Cobb County,131750,0.017265635,101,4,7819,1,0.873001663,11.78873736,4.624972813,-3.602128161,1
41,13067030310,Cobb County,78692,0.071967852,322,4,8212,1,0.749634681,11.27342385,5.777652323,-2.501428158,1
42,13067030312,Cobb County,70437,0.072984108,33,2,6804,1,0.745296884,11.16261593,3.504704466,-2.489106156,2
43,13067030313,Cobb County,94408,0.060220621,33.5,3,8998,1,0.646588131,11.45548701,3.411098695,-2.65611326,2
44,13067030314,Cobb County,109192,0.058905146,31,2,7928,1,0.783678103,11.60095466,3.465735903,-2.675024411,1
45,13067030318,Cobb County,150164,0.037794865,21.66666667,2,7680,2,0.852213542,11.9195499,2.505840284,-3.04083707,3
46,13067030319,Cobb County,98938,0.062350641,18,4,4603,1,0.810992831,11.50234974,2.944438979,-2.626230968,1
47,13067030326,Cobb County,156037,0.02886133,22.5,4,4442,1,0.846465556,11.95791252,3.086893052,-3.247755602,2
48,13067030328,Cobb County,136076,0.041617299,49.5,3,6752,1,0.83160545,11.82104232,3.821980975,-2.963898419,2
49,13067030329,Cobb County,107072,0.010692988,37,2,4863,1,0.794776887,11.58135018,3.63758616,-3.877960386,1
50,13067030330,Cobb County,126546,0.033322854,42.5,2,6396,1,0.714821764,11.74844018,3.764703229,-3.139074967,2
51,13067030332,Cobb County,133646,0.01625508,7,3,3199,NaN,0.785245389,11.80302461,2.079441542,-3.639895796,1
52,13067030334,Cobb County,123966,0.081705151,65,4,3389,2,0.809383299,11.72784328,4.090440471,-2.389176729,2
53,13067030336,Cobb County,180536,0.011723657,69,4,7165,1,0.884019539,12.10374087,3.911822965,-3.829353443,2
54,13067030337,Cobb County,169188,0.028552603,17.5,4,4564,1,0.87248028,12.03882491,2.851891237,-3.255731667,2
55,13067030339,Cobb County,75532,0.077805721,261.5,4,6362,1,0.603583779,11.23244407,5.332426986,-2.432628616,2
56,13067030340,Cobb County,160750,0.012540757,13.5,4,3987,1,0.947078004,11.98766785,2.623512036,-3.792430166,2
57,13067030342,Cobb County,123281,0.032804693,49,2,4625,1,0.850162162,11.72230269,3.912023005,-3.151107542,1
58,13067030344,Cobb County,49206,0.106493506,44,4,3850,2,0.248831169,10.80397405,3.80666249,-2.149919746,1
59,13067030345,Cobb County,71676,0.097169641,54.33333333,3,5602,1,0.263120314,11.18005075,3.892924306,-2.233342268,9
60,13067030405,Cobb County,49406,0.192214895,52,2,6449,1,0.557760893,10.80802954,3.970291914,-1.598424312,1
61,13067030408,Cobb County,77577,0.070194004,15,5,2862,NaN,0.652690426,11.25915517,2.772588722,-2.523306536,1
62,13067030410,Cobb County,67993,0.051359517,43.66666667,3,4656,2,0.691151203,11.1273071,3.475578565,-2.791005,3
63,13067030411,Cobb County,38994,0.257479601,97,3,2206,1,0.388939257,10.57141948,4.584967479,-1.318711973,1
64,13067030412,Cobb County,46094,0.28003105,18,2,5269,1,0.451698615,10.73865499,2.944438979,-1.237767293,1
65,13067030413,Cobb County,50325,0.266799493,31,4,5554,2,0.475153043,10.82645594,3.465735903,-1.284461887,1
66,13067030502,Cobb County,96667,0.092006033,2,3,7314,NaN,0.721493027,11.4791308,1.039720771,-2.282723319,2
67,13067030601,Cobb County,66991,0.083687017,31.5,2,9189,1,0.456415279,11.11246282,3.192135376,-2.367795658,4
68,13067030602,Cobb County,92684,0.063506961,125.25,4,6709,2,0.826799821,11.43705902,4.419379833,-2.610375173,12
69,13067030800,Cobb County,54205,0.174409938,17.5,2,6135,1,0.536756316,10.9007129,2.312486407,-1.690594076,2
70,13067030901,Cobb County,78655,0.092106839,40,2,8349,1,0.645226973,11.27295361,3.713572067,-2.281735571,1
71,13067030904,Cobb County,43158,0.257072233,32.66666667,2,7332,1,0.332378614,10.67285476,3.246204303,-1.320236122,3
72,13067030905,Cobb County,69261,0.143284052,41,3,8700,2,0.392413793,11.14578163,3.737669618,-1.875462533,1
73,13067031101,Cobb County,59093,0.238681102,11,4,6146,NaN,0.424829157,10.98703696,2.48490665,-1.391583917,1
74,13067031106,Cobb County,76182,0.046067284,77,3,8628,2,0.451437181,11.24101175,4.356708827,-2.881202809,1
75,13067031110,Cobb County,66154,0.119652821,159,4,3241,1,0.65689602,11.09989179,5.075173815,-2.04289501,1
76,13067031111,Cobb County,86115,0.073698264,652,4,3745,2,0.554339119,11.36355501,6.481577129,-2.480537038,1
77,13067031114,Cobb County,56370,0.148315803,56.33333333,2,7511,2,0.323392358,10.93986976,3.322060207,-1.843163485,3
78,13067031115,Cobb County,75123,0.139914163,36.5,2,4690,1,0.419189765,11.22701516,3.278389178,-1.897692395,2
79,13067031118,Cobb County,84936,0.082343234,46,2,6169,1,0.539795753,11.34977104,3.850147602,-2.382242836,1
80,13067031205,Cobb County,87910,0.067243473,22,4,6588,NaN,0.467668488,11.38418259,3.135494216,-2.560792859,1
81,13067031206,Cobb County,79192,0.076209086,53.28571429,3,10395,1,0.431938432,11.27975683,3.461144028,-2.450979695,7
82,13067031207,Cobb County,78977,0.043450342,24,3,4714,2,0.517819262,11.27703856,3.198464828,-2.929002234,2
83,13067031208,Cobb County,73611,0.06422629,3,3,6010,NaN,0.44625624,11.20668559,1.354025101,-2.600636885,2
84,13067031211,Cobb County,82330,0.030558016,93.66666667,3,4558,2,0.502852128,11.3186123,3.725089509,-3.205021837,3
85,13067031212,Cobb County,184000,0.027896996,72.5,4,2330,1,0.907296137,12.12274538,3.995119093,-3.272883439,2
86,13067031306,Cobb County,78824,0.071239524,24,2,4566,1,0.447218572,11.27509965,3.218875825,-2.510353406,1
87,13067031310,Cobb County,38231,0.251364217,3,5,8613,NaN,0.199117613,10.55166352,1.386294361,-1.341840377,1
88,13067031312,Cobb County,86808,0.04838863,53,2,10519,1,0.376461641,11.37156925,3.982772787,-2.840634098,2
89,13067031313,Cobb County,117366,0.020655798,16,4,10815,NaN,0.385390661,11.67313774,2.833213344,-3.484933452,1
90,13067031405,Cobb County,58530,0.166975652,13,2,8152,1,0.344700687,10.97746556,2.495216293,-1.731743115,2
91,13067031406,Cobb County,45363,0.213304775,36,2,8309,1,0.257431701,10.72267249,3.610917913,-1.499217736,1
92,13067031408,Cobb County,57975,0.040695148,159,4,6956,1,0.396635998,10.96793964,5.075173815,-2.981925064,1
93,13067031503,Cobb County,65530,0.117927527,120,4,9443,1,0.4014614,11.09041592,4.795790546,-2.056291371,1
94,13067031506,Cobb County,56458,0.143701515,49,2,5414,1,0.486331733,10.94142939,3.912023005,-1.872742774,1
95,13067031509,Cobb County,81583,0.096991701,2,5,11568,NaN,0.349671508,11.30949875,1.098612289,-2.235004006,1
96,13089020300,DeKalb County,147614,0.081824279,232,4,4476,2,0.891867739,11.90242378,5.201722162,-2.387878539,2
97,13089020400,DeKalb County,106103,0.068004459,190,4,2701,2,0.850425768,11.57225984,4.647386714,-2.550989283,2
98,13089020500,DeKalb County,65694,0.157861436,70.75,3,3161,1,0.495096488,11.09291509,3.073921201,-1.784616424,4
99,13089020700,DeKalb County,95417,0.094761171,211,4,2634,1,0.654517844,11.46611684,5.356586275,-2.256072081,1
100,13089020801,DeKalb County,94662,0.056197688,1326,4,2509,2,0.644878438,11.45817356,7.190676034,-2.715109736,1
101,13089020802,DeKalb County,73981,0.185834662,136.5,4,4411,2,0.409657674,11.21169874,4.816036226,-1.630484538,2
102,13089020900,DeKalb County,71618,0.069406548,199.75,4,5927,1,0.52319892,11.17924134,4.531245603,-2.53317444,4
103,13089021102,DeKalb County,110504,0.064269968,90,2,6533,1,0.782182764,11.61289749,4.497707031,-2.600048611,3
104,13089021204,DeKalb County,28242,0.394843962,83,5,3002,2,0.390739507,10.24891953,3.30802856,-0.904253565,4
105,13089021208,DeKalb County,74922,0.134057116,64.71428571,3,4237,2,0.678074109,11.22433631,3.637746157,-1.93754542,7
106,13089021209,DeKalb County,80692,0.128640048,28.66666667,3,6793,2,0.72471662,11.29851864,3.295853801,-1.975874287,3
107,13089021213,DeKalb County,154063,0.008508225,48,2,3526,1,0.906409529,11.9451818,3.891820298,-3.989540072,1
108,13089021214,DeKalb County,172279,0.008927122,200.5,4,6206,2,0.862391234,12.05692858,5.022623749,-3.967159347,2
109,13089021215,DeKalb County,100348,0.079541985,53.57142857,3,6550,1,0.356335878,11.51649907,3.10751746,-2.413047661,7
110,13089021216,DeKalb County,86828,0.009530976,400.2,4,7974,2,0.518560321,11.37179959,4.729188389,-3.935753578,5
111,13089021218,DeKalb County,60254,0.110152621,39,2,6071,1,0.454785044,11.00649019,3.686059014,-2.118992502,2
112,13089021301,DeKalb County,46667,0.227633669,237.1428571,4,3817,2,0.445113964,10.75100682,4.952274053,-1.437024999,7
113,13089021303,DeKalb County,43309,0.259791346,162.6,5,5869,2,0.5605725,10.67634662,3.55775162,-1.310106411,5
114,13089021306,DeKalb County,50118,0.236152178,33.5,2,5073,1,0.573033708,10.82233501,3.538326908,-1.401805324,2
115,13089021307,DeKalb County,50362,0.21385902,21.5,2,4185,1,0.544563919,10.82719074,2.418140953,-1.496738799,2
116,13089021410,DeKalb County,62951,0.182068712,19.5,2,5443,1,0.816094066,11.05027077,2.673553765,-1.649902095,2
117,13089021412,DeKalb County,115759,0.048884166,11,2,3764,1,0.828639745,11.65935211,2.48490665,-2.832183057,1
118,13089021414,DeKalb County,53222,0.25481232,27,2,4156,1,0.422762271,10.882415,3.33220451,-1.328733932,1
119,13089021415,DeKalb County,111827,0.088974855,270.5,3,3687,1,0.770002712,11.62479773,5.05626609,-2.312889452,2
120,13089021502,DeKalb County,72537,0.077263207,39.33333333,4,4297,2,0.734931347,11.19198991,2.973685673,-2.438826361,3
121,13089021503,DeKalb County,57381,0.192579044,49.5,3,3938,1,0.692483494,10.95764278,3.917987291,-1.59662513,2
122,13089021504,DeKalb County,77708,0.128012339,132.4,4,5357,1,0.664737726,11.26084217,4.648647782,-1.980412188,5
123,13089021603,DeKalb County,66425,0.098118551,51.5,2,4943,2,0.681974509,11.10397931,3.957126139,-2.224526955,2
124,13089021605,DeKalb County,82454,0.106638871,130,4,6236,1,0.556606799,11.32011711,4.875197323,-2.14867269,1
125,13089021704,DeKalb County,105033,0.078614257,25.66666667,2,6045,1,0.73019024,11.56212507,3.055393159,-2.423462518,3
126,13089021705,DeKalb County,42679,0.232253914,50.75,3,4879,1,0.56077065,10.66169655,3.271217293,-1.417768872,4
127,13089021805,DeKalb County,76066,0.053429027,23.5,3,7536,1,0.49854034,11.23948812,2.776479792,-2.757833681,2
128,13089021806,DeKalb County,68216,0.095662687,40.25,4,6732,1,0.457813428,11.130581,3.156039446,-2.247503457,4
129,13089021809,DeKalb County,99337,0.045899172,40,3,6785,2,0.766543847,11.50637405,3.605898706,-2.884205706,3
130,13089021810,DeKalb County,74539,0.067831805,28.5,3,5788,2,0.579474775,11.21921191,3.316659217,-2.553205129,2
131,13089021906,DeKalb County,46448,0.144268775,132,5,5572,2,0.147523331,10.74630396,4.890349128,-1.869058908,1
132,13089021907,DeKalb County,55048,0.081860151,2,3,9022,2,0.213921525,10.91614245,1.098612289,-2.387487958,2
133,13089021908,DeKalb County,36250,0.277777778,32,2,5443,1,0.088370384,10.49847048,3.496507561,-1.245566702,1
134,13089021910,DeKalb County,42305,0.166833167,1,2,6006,NaN,0.160506161,10.65289691,0.693147181,-1.732548551,1
135,13089022001,DeKalb County,66638,0.107260364,123,4,4559,1,0.724500987,11.10718032,4.820281566,-2.143358482,1
136,13089022005,DeKalb County,39266,0.26316776,2,5,5395,1,0.139573679,10.57836892,1.098612289,-1.297669167,1
137,13089022007,DeKalb County,39216,0.323709322,53,5,4098,1,0.093460224,10.57709507,3.342305864,-1.097484958,2
138,13089022009,DeKalb County,41042,0.382089017,5,4,5572,2,0.066403446,10.62259483,1.791759469,-0.936266382,1
139,13089022100,DeKalb County,44135,0.235023041,18,2,3689,1,0.231499051,10.69523495,2.944438979,-1.406403026,1
140,13089022203,DeKalb County,66731,0.16056338,25.5,4,2130,2,0.5342723,11.10857474,3.151309488,-1.768648319,2
141,13089022301,DeKalb County,73819,0.162937179,101.5,3,6061,1,0.706814057,11.20950689,4.494604638,-1.754826878,6
142,13089022302,DeKalb County,89146,0.117431193,34,2,4371,1,0.707389613,11.39814292,3.555348061,-2.060178725,1
143,13089022402,DeKalb County,32083,0.444924406,21,4,6698,2,0.504329651,10.37639322,2.484617046,-0.787624014,6
144,13089022403,DeKalb County,174531,0.036368197,15,4,3987,NaN,0.891898671,12.06991495,2.772588722,-3.071141472,1
145,13089022500,DeKalb County,90648,0.164402943,255,4,7102,1,0.696423543,11.41484946,5.382249053,-1.746386894,2
146,13089022600,DeKalb County,82131,0.046666667,62.5,3,6600,2,0.677121212,11.31619256,4.083959681,-2.870569131,2
147,13089022700,DeKalb County,136324,0.0396735,394,4,5413,2,0.700905228,11.82286304,5.595698506,-3.00228368,2
148,13089023000,DeKalb County,83021,0.042553191,109,4,2115,1,0.848699764,11.32696931,4.700480366,-2.945929451,1
149,13089023102,DeKalb County,39961,0.128839845,34,2,3390,1,0.353097345,10.59590947,3.555348061,-1.974434205,1
150,13089023111,DeKalb County,62969,0.141436963,2,5,2263,NaN,0.120194432,11.05055662,1.098612289,-1.887585824,1
151,13089023112,DeKalb County,29786,0.30469551,10,5,4877,NaN,0.046955095,10.30212944,2.397895273,-1.156149744,1
152,13089023113,DeKalb County,40542,0.239568345,33,2,2780,1,0.324820144,10.61034038,3.526360525,-1.388022472,1
153,13089023210,DeKalb County,33682,0.353364788,26,2,8059,1,0.039955329,10.4250157,3.295836866,-1.012348025,1
154,13089023211,DeKalb County,49980,0.079310345,6,4,3480,NaN,0.016666667,10.81957826,1.945910149,-2.415637954,1
155,13089023212,DeKalb County,60033,0.148683093,12,1,3608,NaN,0.026330377,11.00281625,2.564949357,-1.840846194,1
156,13089023214,DeKalb County,48150,0.182319546,16,2,6165,1,0.016707218,10.78228408,2.079441542,-1.648596989,2
157,13089023303,DeKalb County,48638,0.20664311,6.5,5,7087,NaN,0.068858473,10.79236598,2.012675845,-1.529503936,2
158,13089023310,DeKalb County,40830,0.227683985,33,1,10967,1,0.014224492,10.61741727,3.526360525,-1.436813283,1
159,13089023312,DeKalb County,72651,0.065713474,23,2,10571,1,0.050326365,11.19356007,3.17805383,-2.580799141,1
160,13089023316,DeKalb County,69120,0.117453473,28,2,8865,1,0.0214326,11.14374407,3.36729583,-2.060003902,1
161,13089023410,DeKalb County,34132,0.212737127,51,2,4428,1,0.010388437,10.43828358,3.951243719,-1.501763004,1
162,13089023412,DeKalb County,52180,0.121292902,25,2,6008,1,0.023968043,10.86264618,3.258096538,-2.030324556,1
163,13089023414,DeKalb County,69542,0.037684243,38,1,6603,1,0.062244434,11.14982995,3.663561646,-3.043154281,1
164,13089023418,DeKalb County,51555,0.084901586,46,2,16529,1,0.061528223,10.85059843,3.850147602,-2.354914864,1
165,13089023425,DeKalb County,73652,0.117831763,16,4,6057,1,0.065709097,11.20724234,2.833213344,-2.057040228,1
166,13089023428,DeKalb County,39408,0.215919216,15.5,2,10151,1,0.014185795,10.58197784,2.063567193,-1.487577795,2
167,13089023501,DeKalb County,32000,0.294555192,44,2,3361,1,0.050282654,10.37380363,3.80666249,-1.188902954,1
168,13089023507,DeKalb County,47012,0.131208997,31,2,4268,1,0.005154639,10.75837086,3.30411606,-1.957514236,3
169,13089023700,DeKalb County,47712,0.22255291,17.5,5,6054,2,0.150809382,10.77314779,2.537586908,-1.45863751,2
170,13121000100,Fulton County,168396,0.018669131,40,4,5410,2,0.899630314,12.03413301,3.61924842,-3.551934302,2
171,13121000200,Fulton County,158011,0.055436042,44.5,4,6175,2,0.896194332,11.97048321,3.727359975,-2.726682076,2
172,13121000400,Fulton County,97257,0.037289916,25,4,2047,1,0.865168539,11.48521505,3.034531907,-3.051458199,6
173,13121000500,Fulton County,90140,0.111381619,26.83333333,4,5219,1,0.662579038,11.40923023,2.18865029,-2.10881582,6
174,13121000600,Fulton County,53686,0.423359812,319.4285714,4,7952,1,0.493460765,10.89109379,4.724743514,-0.836186922,7
175,13121000700,Fulton County,84107,0.144632768,6,4,3339,2,0.295297993,11.33996397,1.945910149,-1.86670221,1
176,13121001001,Fulton County,103846,0.173636845,32.66666667,3,2904,2,0.568870523,11.5507606,2.865941922,-1.694795141,6
177,13121001002,Fulton County,31042,0.39731286,100,2,7305,1,0.457631759,10.3434185,2.995732274,-0.898173691,2
178,13121001100,Fulton County,109426,0.062776815,57.8,3,5193,1,0.781821683,11.60309518,3.094998084,-2.620357851,5
179,13121001201,Fulton County,80476,0.08811749,256,4,4527,1,0.747294014,11.29583854,5.549076085,-2.321589641,1
180,13121001202,Fulton County,93143,0.07011141,188.9166667,4,5206,2,0.717249328,11.44199858,4.154032527,-2.524336989,12
181,13121001300,Fulton County,76188,0.192705639,107.6363636,4,4421,1,0.670436553,11.24109049,3.931520421,-1.596000407,11
182,13121001400,Fulton County,84167,0.036247335,305.5,3,2345,1,0.865245203,11.340677,4.611727006,-3.073751444,2
183,13121001500,Fulton County,66490,0.119669569,141,4,4617,1,0.82867663,11.10495723,4.955827058,-2.04276584,1
184,13121001600,Fulton County,78182,0.049173,139.6666667,4,2237,1,0.848010729,11.26692262,4.250854037,-2.82728993,6
185,13121001700,Fulton County,94750,0.068214213,12,4,4911,NaN,0.634086744,11.45910266,2.564949357,-2.548303896,1
186,13121001900,Fulton County,62656,0.279162956,21.5,3,5064,1,0.41943128,11.04557431,2.77246788,-1.240764887,6
187,13121002100,Fulton County,68618,0.406392694,26,2,2409,1,0.335408883,11.13645589,3.139260712,-0.876126488,2
188,13121002600,Fulton County,33611,0.343047966,5,4,1672,2,0.01076555,10.42290615,1.497866137,-1.04115135,2
189,13121002800,Fulton County,33165,0.30954323,35.33333333,5,5231,2,0.326515007,10.40955186,2.621601334,-1.140862709,3
190,13121002900,Fulton County,71210,0.152220785,126,4,2425,1,0.499793814,11.17352896,4.505345546,-1.818797002,4
191,13121003000,Fulton County,113125,0.044352617,157,4,3630,2,0.801101928,11.63633707,4.754470352,-2.912262514,4
192,13121003100,Fulton County,62250,0.105443845,169,4,2051,2,0.698196002,11.03907444,4.611677655,-2.158971058,2
193,13121003500,Fulton County,53889,0.532571429,79.4,3,2074,1,0.358244937,10.8948672,3.34317093,-0.611435537,5
194,13121003600,Fulton County,53152,0.341005968,30,4,1254,1,0.107655502,10.88109913,3.433987204,-1.046952054,1
195,13121004100,Fulton County,54208,0.245820154,36.5,2,2214,1,0.128726287,10.90076824,3.61708859,-1.363280606,2
196,13121004200,Fulton County,18913,0.42591845,57,3,2477,1,0.086798547,9.848133392,4.042127053,-0.830300095,2
197,13121004900,Fulton County,84655,0.246560847,28.33333333,4,2835,2,0.540035273,11.34645757,2.601008881,-1.360389424,3
198,13121005000,Fulton County,75570,0.057177616,137.6666667,3,2586,2,0.576952823,11.23294698,4.6406768,-2.700415189,3
199,13121005200,Fulton County,111759,0.143945469,93.33333333,3,5170,1,0.775048356,11.62418952,4.431181031,-1.871156836,3
200,13121005300,Fulton County,102303,0.108746431,63,4,3861,2,0.663299663,11.53579202,3.488174035,-2.130764888,2
201,13121005502,Fulton County,21804,0.41407355,44,4,2846,1,0.076950105,9.990307244,3.80666249,-0.857848371,1
202,13121005800,Fulton County,42679,0.272027972,6,4,1479,NaN,0.202839757,10.66169655,1.647214141,-1.265749021,3
203,13121006200,Fulton County,37500,0.245217391,30.5,4,1725,2,0.024347826,10.53236284,3.093104312,-1.365639582,2
204,13121006300,Fulton County,31483,0.374664879,1,1,1492,NaN,0.085120643,10.35752058,0.693147181,-0.955382767,1
205,13121006500,Fulton County,50163,0.24602333,8,5,3843,NaN,0.204787926,10.82323231,2.197224577,-1.362486707,1
206,13121006601,Fulton County,44250,0.269669327,49,5,1755,2,0.19031339,10.69783661,3.912023005,-1.274147348,1
207,13121007002,Fulton County,45451,0.213504338,19,4,2651,2,0.021124104,10.72461009,2.995732274,-1.498324456,1
208,13121007200,Fulton County,27083,0.362559242,29,1,2136,1,0.040262172,10.20703067,3.401197382,-0.987359216,1
209,13121007500,Fulton County,26205,0.338222089,9,2,3348,1,0.113201912,10.17408705,2.302585093,-1.054914815,1
210,13121007703,Fulton County,44452,0.196504593,46.5,2,4463,2,0.016356711,10.70239017,3.811820973,-1.577432623,2
211,13121007808,Fulton County,12485,0.767030568,16,1,4580,1,0,9.433083843,2.833213344,-0.252275589,1
212,13121008000,Fulton County,43854,0.22626153,40,4,5529,1,0.043407488,10.68884922,3.713572067,-1.442815909,1
213,13121008102,Fulton County,27119,0.202346923,12.5,2,6647,1,0.027982549,10.20835855,2.470821211,-1.549533911,2
214,13121008800,Fulton County,103385,0.074769797,31,2,5430,1,0.652302026,11.54631188,3.465735903,-2.467815962,1
215,13121008902,Fulton County,72432,0.148619958,53.44444444,4,8007,1,0.602847508,11.19054152,3.642354804,-1.841244142,9
216,13121008903,Fulton County,75978,0.093333333,5,4,2250,NaN,0.398222222,11.23833071,1.791759469,-2.26979527,1
217,13121009000,Fulton County,111146,0.032016476,180.3333333,2,5341,2,0.824002996,11.6186899,3.682739926,-3.169693444,3
218,13121009101,Fulton County,79489,0.129840142,1.5,4,5630,NaN,0.687921847,11.28349972,0.895879735,-1.967255351,2
219,13121009102,Fulton County,59444,0.090852905,92.33333333,4,3344,2,0.649521531,10.99295818,4.039298985,-2.294092212,3
220,13121009200,Fulton County,71482,0.139557005,46,3,7359,1,0.658377497,11.17734083,3.510541982,-1.900077654,2
221,13121009300,Fulton County,106128,0.158361646,95,3,5298,2,0.93601359,11.57249541,4.537374859,-1.781640959,2
222,13121009402,Fulton County,75088,0.172656673,39,2,5537,1,0.497561857,11.22654921,2.85414769,-1.70014699,4
223,13121009403,Fulton County,63269,0.176727411,42,4,5268,1,0.467160213,11.0553088,3.761200116,-1.678105422,1
224,13121009502,Fulton County,86053,0.114059081,60.5,4,3867,2,0.679337988,11.36283487,4.076818743,-2.086997367,2
225,13121009601,Fulton County,107386,0.051467785,100,3,2631,1,0.835423793,11.58427822,4.615120517,-2.789242063,1
226,13121009602,Fulton County,102778,0.077301732,35.11111111,4,5514,2,0.756619514,11.54042389,3.167189206,-2.438384977,9
227,13121009603,Fulton County,83243,0.102898551,79.66666667,3,4830,2,0.737267081,11.32963944,4.378339652,-2.181265645,3
228,13121009801,Fulton County,125375,0.028951319,35,2,4746,2,0.891698272,11.73914428,3.376608665,-3.245442646,3
229,13121009802,Fulton County,165583,0.032945311,7,2,4553,2,0.8021085,12.01728825,2.079441542,-3.147827815,1
230,13121009900,Fulton County,152500,0.039132937,46.66666667,3,5213,1,0.962977172,11.93498545,3.351783301,-3.013225657,3
231,13121010001,Fulton County,108197,0.068657323,55.5,5,4923,2,0.746089783,11.59180134,3.574083856,-2.542654548,4
232,13121010002,Fulton County,146182,0.042518205,59,3,8716,2,0.850963745,11.89267611,2.865162249,-2.946595402,5
233,13121010110,Fulton County,73727,0.072628399,87.57142857,4,8275,2,0.713595166,11.20825999,3.811445054,-2.493401847,7
234,13121010113,Fulton County,61583,0.073726308,196,4,5771,1,0.470455727,11.02830351,5.283203729,-2.480202032,1
235,13121010115,Fulton County,127688,0.036504854,3,2,2770,NaN,0.788086643,11.75742338,1.386294361,-3.068198577,1
236,13121010119,Fulton County,56402,0.210518004,76.5,2,6351,1,0.398992285,10.94043718,4.324110727,-1.511775938,2
237,13121010121,Fulton County,90451,0.053937947,143.5,4,2095,2,0.837708831,11.4126741,4.669542664,-2.749842236,2
238,13121010122,Fulton County,90586,0.075826414,2,4,6383,1,0.372552091,11.41416534,1.098612289,-2.455428465,2
239,13121010205,Fulton County,103828,0.057249866,122.5714286,4,5607,1,0.905831996,11.55058727,4.702470002,-2.69934025,7
240,13121010206,Fulton County,192375,0.038537372,56.5,2,5618,2,0.866678533,12.16725385,3.997147493,-3.025421215,2
241,13121010208,Fulton County,72022,0.032418953,63,2,4029,1,0.71829238,11.18486574,4.158883083,-3.160160021,1
242,13121010211,Fulton County,142750,0.035373187,45,4,2864,2,0.921089385,11.86892018,3.828641396,-3.09283394,1
243,13121010212,Fulton County,67350,0.232595217,82,4,5645,2,0.657218778,11.11780665,3.231368049,-1.416360998,4
244,13121010301,Fulton County,75636,0.053935163,29,2,21010,1,0.064921466,11.23381984,3.401197382,-2.749885786,1
245,13121010303,Fulton County,71457,0.11595941,46,2,10840,1,0.000369004,11.17699108,3.84810632,-2.07179557,2
246,13121010400,Fulton County,50980,0.152526439,39.5,3,8551,1,0.433633493,10.83938481,3.691994729,-1.816914586,2
247,13121010507,Fulton County,43986,0.218913481,39,2,7495,1,0.059506338,10.691854,3.688879454,-1.47441116,1
248,13121010508,Fulton County,59474,0.106395696,33,2,3359,1,0.054182792,10.99346265,3.526360525,-2.150759717,1
249,13121010510,Fulton County,48051,0.146256031,49.66666667,2,15147,1,0.144781145,10.78022632,3.727306089,-1.856259395,3
250,13121010512,Fulton County,40215,0.214551084,51,2,6460,1,0.046749226,10.60224397,3.951243719,-1.493652054,1
251,13121010513,Fulton County,48344,0.17657967,30,2,14560,1,0.102197802,10.78630423,3.433987204,-1.678896944,1
252,13121010515,Fulton County,55883,0.138252757,14,2,5930,1,0.10994941,10.93119443,2.708050201,-1.908836647,1
253,13121010603,Fulton County,34830,0.237319684,1,1,4298,NaN,0.011167985,10.45852143,0.693147181,-1.397073514,1
254,13121010604,Fulton County,36044,0.203560372,1,5,2584,2,0.0874613,10.49277309,0.693147181,-1.543835716,1
255,13121010800,Fulton County,44881,0.260301049,84.6,3,6577,1,0.4277026,10.71199261,4.168458196,-1.308218944,5
256,13121011000,Fulton County,23546,0.524078379,27.5,2,3036,1,0.218379447,10.06713584,3.323195257,-0.627212673,2
257,13121011100,Fulton County,60333,0.101479915,416,4,2365,2,0.373784355,11.00780023,6.033086222,-2.193910835,1
258,13121011202,Fulton County,44614,0.231445849,128.5,3,3683,2,0.318218843,10.70602711,3.321894867,-1.421110057,2
259,13121011305,Fulton County,36707,0.179541109,81,1,5230,1,0.025047801,10.51099514,4.406719247,-1.663149344,1
260,13121011306,Fulton County,33587,0.23113411,61.66666667,3,2337,2,0.065468549,10.42219206,3.047425214,-1.422402029,3
261,13121011405,Fulton County,85081,0.048582474,29.33333333,4,7783,1,0.667223436,11.35147655,3.030397157,-2.837319702,6
262,13121011410,Fulton County,117157,0.037064492,33,4,6745,2,0.756856931,11.67135555,2.837862232,-3.056236443,3
263,13121011411,Fulton County,85114,0.091395744,30,2,7659,1,0.721634678,11.3518643,3.433987204,-2.288724165,1
264,13121011412,Fulton County,91222,0.046729958,59,3,9520,2,0.753256303,11.42116099,4.064273021,-2.869452851,4
265,13121011414,Fulton County,80389,0.089548354,52.66666667,4,7683,1,0.573343746,11.29475702,3.71691178,-2.307111788,3
266,13121011416,Fulton County,109417,0.055060584,68,4,5641,2,0.785499025,11.60301294,4.233160431,-2.732436375,2
267,13121011418,Fulton County,160820,0.016816517,220,5,6194,2,0.957862448,11.98810319,4.802969393,-3.618737282,4
268,13121011419,Fulton County,124358,0.070620037,53,3,5919,1,0.830883595,11.73100019,3.946506837,-2.51800806,3
269,13121011421,Fulton County,50326,0.258878505,76.66666667,3,4280,1,0.584345794,10.82647581,3.906144812,-1.313495657,3
270,13121011422,Fulton County,70833,0.080666846,225.5,4,3795,2,0.747826087,11.16822144,4.69214684,-2.400563524,2
271,13121011427,Fulton County,126452,0.069163164,25,2,7950,1,0.774213836,11.74769715,3.258096538,-2.53624419,1
272,13121011503,Fulton County,168750,0.013686534,13.5,4,11325,2,0.78807947,12.03623287,1.994492023,-3.742848569,2
273,13121011504,Fulton County,236149,0.02179618,30.5,4,13727,2,0.929846288,12.37226059,3.391096028,-3.448409116,2
274,13121011505,Fulton County,166938,0.028558373,31,2,4377,1,0.854923464,12.02543767,3.461321946,-3.255581996,2
275,13121011506,Fulton County,165266,0.023657718,16,4,5969,2,0.894454683,12.01537208,2.56198199,-3.391512885,2
276,13121011610,Fulton County,114464,0.010307536,139.3333333,5,5918,2,0.788611017,11.648103,4.175803646,-3.896763214,6
277,13121011611,Fulton County,68620,0.041513025,20.42857143,4,8707,1,0.636384518,11.13648504,2.684780508,-2.965920593,7
278,13121011612,Fulton County,150901,0.045157457,9,2,3376,1,0.713862559,11.92444554,2.302585093,-2.897563331,1
279,13121011613,Fulton County,110066,0.10564663,80.5,4,7137,2,0.531315679,11.60892632,4.33538614,-2.157216028,2
280,13121011614,Fulton County,74184,0.077866459,37.66666667,4,15411,1,0.479462721,11.21443856,3.333915897,-2.431937128,6
281,13121011615,Fulton County,161263,0.02202024,50.8,4,10672,2,0.749718891,11.99085386,3.673641426,-3.44138708,5
282,13121011616,Fulton County,104176,0.070816132,89.16666667,4,6372,2,0.529190207,11.55393304,3.401671374,-2.515578679,6
283,13121011617,Fulton County,144125,0.03483346,273.5,4,7891,2,0.705867444,11.87850564,5.41216396,-3.104800533,2
284,13121011618,Fulton County,122857,0.036057692,68,2,4599,1,0.564253098,11.71885775,4.234106505,-3.077860488,1
285,13121011619,Fulton County,93750,0.036726395,29.8,3,7869,1,0.478841022,11.4484936,2.661815056,-3.063446077,5
286,13121011620,Fulton County,141513,0.044774651,36.5,4,10206,2,0.59494415,11.86021753,2.806240628,-2.904527771,6
287,13121011621,Fulton County,157692,0.086937591,4,4,6962,NaN,0.626544097,11.96846246,1.589026915,-2.333687902,2
288,13121011622,Fulton County,149583,0.039527488,99.66666667,4,11005,1,0.368014539,11.91567355,4.343635256,-3.00522746,3
289,13121011623,Fulton County,121389,0.01246305,51.16666667,4,12517,2,0.470240473,11.70683792,3.491481213,-3.795883531,6
290,13121011625,Fulton County,122361,0.025631981,83,4,8542,2,0.585928354,11.71481269,4.025410385,-3.334511696,6
291,13121011626,Fulton County,102699,0.064529646,36,3,9546,1,0.561282212,11.53965503,3.501369392,-2.596558301,3
292,13121011900,Fulton County,25699,0.36513504,36.05263158,4,3517,2,0.354279215,10.1545964,2.887894896,-0.98046921,19
293,13121012300,Fulton County,52188,0.188465499,40,4,2949,NaN,0.356731095,10.86279946,3.713572067,-1.61714,1
294,13135050105,Gwinnett County,53785,0.169707671,67.5,4,5108,1,0.461041504,10.89293581,3.692615462,-1.716423797,2
295,13135050106,Gwinnett County,66351,0.091273223,49.25,2,11749,1,0.620308111,11.10286481,3.543438219,-2.289933235,8
296,13135050107,Gwinnett County,102874,0.052989617,30.5,2,8379,2,0.718940208,11.54135742,3.208366141,-2.764785377,2
297,13135050108,Gwinnett County,129112,0.024467873,30,2,10054,1,0.749950269,11.76851297,3.433987204,-3.367727592,1
298,13135050109,Gwinnett County,70771,0.096216608,170,4,8273,2,0.525927717,11.16734588,5.141663557,-2.242274796,1
299,13135050205,Gwinnett County,67652,0.128298648,148.3333333,3,4673,1,0.45046009,11.12228,4.446485554,-1.978339814,3
300,13135050208,Gwinnett County,65292,0.06439915,71,1,8013,1,0.506302259,11.08677794,4.276666119,-2.598310766,1
301,13135050209,Gwinnett County,53272,0.176347404,176.3333333,4,9073,2,0.423895073,10.88335384,4.315107791,-1.680142582,6
302,13135050210,Gwinnett County,78525,0.068351727,63.5,3,8495,1,0.491701001,11.27129966,4.041369424,-2.546547273,6
303,13135050211,Gwinnett County,44870,0.124910905,95.81818182,4,5623,1,0.264627423,10.71174754,3.746618604,-2.00314068,11
304,13135050212,Gwinnett County,139097,0.036047372,40.66666667,2,13564,2,0.745502802,11.8429987,3.537592905,-3.078084579,3
305,13135050213,Gwinnett County,113591,0.050892267,95,4,13617,2,0.495850775,11.64044759,3.556473468,-2.798649091,3
306,13135050214,Gwinnett County,92990,0.071979143,58,4,8822,2,0.471548402,11.44035477,3.903348186,-2.501290417,2
307,13135050215,Gwinnett County,64306,0.112143103,170.2,4,2907,1,0.339869281,11.07156371,4.769470174,-2.102561947,10
308,13135050216,Gwinnett County,83193,0.059155957,42.25,3,10971,1,0.449731109,11.32903868,3.627020393,-2.671391084,4
309,13135050217,Gwinnett County,91451,0.091704922,37,4,9388,NaN,0.3955049,11.42366793,3.63758616,-2.285679584,1
310,13135050218,Gwinnett County,68529,0.121836506,93,4,4488,1,0.44184492,11.13515821,4.543294782,-2.026192714,1
311,13135050219,Gwinnett County,67188,0.143997797,65.33333333,4,3662,2,0.433096668,11.11539876,3.968684933,-1.87081698,3
312,13135050220,Gwinnett County,57845,0.121972444,45.6,4,6957,1,0.420583585,10.96569516,3.645057221,-2.025162137,5
313,13135050306,Gwinnett County,47011,0.158614113,97,3,3170,1,0.414826498,10.75834959,3.921532008,-1.780142529,2
314,13135050308,Gwinnett County,151875,0.0300123,67.5,3,4065,2,0.685116851,11.93087893,4.116353005,-3.218568369,2
315,13135050309,Gwinnett County,108786,0.051783917,31.5,4,8946,2,0.551643192,11.59722985,3.460829092,-2.784112195,2
316,13135050310,Gwinnett County,70102,0.088690677,28.66666667,2,5942,2,0.616459105,11.15784924,3.012590369,-2.3157648,3
317,13135050311,Gwinnett County,104302,0.074547391,69.5,3,2830,1,0.533568905,11.55514169,3.456978331,-2.470443063,4
318,13135050314,Gwinnett County,49054,0.156933553,90,4,9711,1,0.396148697,10.80088085,4.510859507,-1.790159429,1
319,13135050317,Gwinnett County,41711,0.20497841,115,1,3937,1,0.280924562,10.63875988,4.753590191,-1.537217675,1
320,13135050320,Gwinnett County,42500,0.182611672,2,5,5856,NaN,0.357069672,10.65749462,1.098612289,-1.647079179,1
321,13135050321,Gwinnett County,143875,0.025298231,44,4,4862,1,0.858494447,11.87676965,3.80666249,-3.343922424,1
322,13135050417,Gwinnett County,35882,0.243439986,74,2,5907,1,0.334179787,10.48826971,4.317488114,-1.372628224,1
323,13135050418,Gwinnett County,37970,0.271336884,1,1,7323,NaN,0.285402158,10.54481498,0.693147181,-1.268202453,2
324,13135050419,Gwinnett County,51930,0.19682338,46,4,7885,2,0.313887127,10.85784449,3.850147602,-1.575890087,1
325,13135050421,Gwinnett County,50511,0.255689424,21.5,3,7470,1,0.264123159,10.83014437,2.644821274,-1.32542723,4
326,13135050424,Gwinnett County,47539,0.177172061,46.33333333,2,8218,1,0.365295692,10.76951604,3.754368069,-1.675726971,3
327,13135050426,Gwinnett County,80320,0.121603363,14,2,6661,2,0.668067858,11.29389843,2.708050201,-2.027962707,1
328,13135050430,Gwinnett County,72937,0.114052584,116,3,5540,1,0.505234657,11.19748843,3.420432182,-2.08704974,5
329,13135050431,Gwinnett County,45816,0.238570039,7,2,8224,NaN,0.203185798,10.73260689,2.079441542,-1.392030626,1
330,13135050432,Gwinnett County,61027,0.124642481,42,2,6729,1,0.439738446,11.01923552,3.761200116,-2.005132304,1
331,13135050436,Gwinnett County,47200,0.207990735,53,2,8635,1,0.218645049,10.76236101,3.888896313,-1.523302715,2
332,13135050511,Gwinnett County,65399,0.146013597,21,3,12944,1,0.345874536,11.08841514,2.768162018,-1.857812115,6
333,13135050520,Gwinnett County,41512,0.223203995,100,3,5390,1,0.424675325,10.63397869,4.16163859,-1.455841692,3
334,13135050521,Gwinnett County,58897,0.205907461,15.33333333,3,5879,2,0.492770879,10.98371521,2.638084093,-1.532905384,3
335,13135050523,Gwinnett County,60363,0.156860306,17.16666667,2,8125,1,0.4384,11.00829726,2.3673117,-1.790598308,6
336,13135050524,Gwinnett County,53594,0.113174695,28,2,6952,1,0.508774453,10.88937897,3.36729583,-2.094151644,1
337,13135050525,Gwinnett County,89475,0.066462769,80,4,8523,1,0.555438226,11.40182629,4.020766808,-2.570951335,3
338,13135050529,Gwinnett County,67361,0.103052559,48.33333333,4,4357,1,0.604773927,11.11796994,3.649460853,-2.179902444,3
339,13135050533,Gwinnett County,57518,0.182967399,25,4,9018,NaN,0.27567088,10.96002706,3.258096538,-1.645234024,1
340,13135050536,Gwinnett County,57426,0.121276975,34.75,3,5607,1,0.390226503,10.95842656,3.108216382,-2.030445873,4
341,13135050540,Gwinnett County,70506,0.126936258,52,4,7295,2,0.497601097,11.16359491,3.267981141,-1.988239734,3
342,13135050542,Gwinnett County,52640,0.168833616,25.6,3,5307,2,0.234595817,10.87142152,2.955404791,-1.721299425,5
343,13135050543,Gwinnett County,66901,0.056317401,31,2,7511,1,0.382771934,11.11111866,3.465735903,-2.713302956,1
344,13135050544,Gwinnett County,85293,0.099962078,22.66666667,2,13185,1,0.430261661,11.3539649,3.034993285,-2.207619717,3
345,13135050545,Gwinnett County,65249,0.20641321,203,4,15629,1,0.402329004,11.08611925,5.318119994,-1.530565687,1
346,13135050547,Gwinnett County,77736,0.060423916,9,4,9483,2,0.607297269,11.26120238,2.302585093,-2.653222351,1
347,13135050549,Gwinnett County,80490,0.03151184,4,3,5490,NaN,0.592167577,11.29601246,1.609437912,-3.181776598,1
348,13135050605,Gwinnett County,84466,0.0746597,13.5,2,14579,NaN,0.663968722,11.34422275,2.393745871,-2.469115584,2
349,13135050606,Gwinnett County,90338,0.020723946,47.85714286,3,26399,1,0.642524338,11.41142416,3.044658755,-3.482712932,7
350,13135050607,Gwinnett County,95308,0.033763708,47,3,18598,1,0.601892677,11.46497395,3.66811585,-3.128950388,5
351,13135050609,Gwinnett County,98038,0.051116056,50.75,3,14829,1,0.714883,11.49321243,3.882011246,-2.794980659,4
352,13135050610,Gwinnett County,118623,0.048983692,102,2,16924,2,0.754313401,11.68378997,4.634728988,-2.830494283,1
353,13135050712,Gwinnett County,98886,0.051265661,84.5,3,7822,2,0.670928151,11.50182407,4.200104918,-2.792535773,2
354,13135050714,Gwinnett County,89444,0.102542933,5,2,6070,NaN,0.498846787,11.40147981,1.791759469,-2.184420507,1
355,13135050715,Gwinnett County,79971,0.130639731,9,4,5952,NaN,0.601310484,11.28954439,2.302585093,-1.96155376,1
356,13135050718,Gwinnett County,97043,0.040620988,20,2,8722,1,0.553657418,11.4830125,2.964890088,-2.983389016,3
357,13135050719,Gwinnett County,53875,0.117544775,51,2,5751,1,0.387063119,10.89460743,3.951243719,-2.059287801,1
358,13135050720,Gwinnett County,70899,0.066253781,48.33333333,2,6948,2,0.6263673,11.16915264,3.363350035,-2.573688281,3
359,13135050722,Gwinnett County,64496,0.127813907,56,2,3998,1,0.330665333,11.07451352,4.043051268,-1.981851004,1
360,13135050723,Gwinnett County,86563,0.110698825,3,2,8095,NaN,0.214453366,11.36874327,1.386294361,-2.114456886,1
361,13135050724,Gwinnett County,86588,0.054831705,64,3,18893,1,0.457259302,11.369032,4.06340686,-2.735960526,2
362,13135050727,Gwinnett County,99072,0.056036866,20,2,10850,NaN,0.563963134,11.50370307,3.044522438,-2.717542112,1
363,13135050731,Gwinnett County,65704,0.082941797,49,2,10440,1,0.39032567,11.09306727,3.912023005,-2.375781821,1
